StoreKey,Store Type,Store Name,Status,Open Date,Close Date,Zip Code,Zip Code Extension,Store Phone,Continent,City,State,CountryRegion,Address Line 1,Address Line 2,Close Reason,Employees,Selling Area,Last Remodel Date
17,Store,Contoso Spokane Store,On,2004-03-26T00:00:00,,97001,97017,984-555-0185,North America,Spokane,Washington,United States,Logan Ave  Shopping mall,Logan Ave  Shopping mall,,25,700,2009-06-17T00:00:00
5,Store,Contoso Redmond Store,On,2004-04-02T00:00:00,,97001,97005,612-555-0100,North America,Redmond,Washington,United States,Downtown shopping mall,Downtown shopping mall,,33,560,2009-06-17T00:00:00
15,Store,Contoso Renton Store,On,2004-02-24T00:00:00,,97001,97015,424-555-0189,North America,Renton,Washington,United States,"Renton,Citycenter","Renton,Citycenter",,22,500,2009-06-17T00:00:00
2,Store,Contoso Seattle No.2 Store,On,2004-02-14T00:00:00,,97001,97002,150-555-0189,North America,Seattle,Washington,United States,Mino shopping mall,Mino shopping mall,,25,700,2009-06-17T00:00:00
150,Store,Contoso Attleboro Store,On,2004-02-20T00:00:00,,2703,2703,589-555-0147,North America,Attleboro,Massachusetts,United States,Thacher Downtown,Thacher Downtown,,19,455,2009-06-17T00:00:00
40,Store,Contoso Aurora Store,On,2003-06-11T00:00:00,,87001,87021,794-555-0159,North America,Aurora,Colorado,United States,Willow Park Ave,Willow Park Ave,,25,700,2009-06-17T00:00:00
197,Store,Contoso Back River Store,On,2004-07-23T00:00:00,,21219,21219,955-555-0131,North America,Back River,Maryland,United States,Back River St Shopping mall,Back River St Shopping mall,,33,560,2009-06-17T00:00:00
192,Store,Contoso Baltimore Store,On,2004-02-18T00:00:00,,21201,21201,508-555-0129,North America,Baltimore,Maryland,United States,Pleasant St,Pleasant St,,17,460,2009-06-17T00:00:00
167,Store,Contoso Bar Harbor Store,On,2004-02-18T00:00:00,,4609,4609,746-555-0164,North America,Bar Harbor,Maine,United States,Ledgelawn Ave,Ledgelawn Ave,,47,1125,2009-06-17T00:00:00
137,Store,Contoso Bayonne Store,On,2004-04-17T00:00:00,,7002,7002,500-555-0159,North America,Bayonne,New Jersey,United States,E 31st St,E 31st St,,47,1125,2009-06-17T00:00:00
37,Store,Contoso Boulder Store,On,2003-03-28T00:00:00,,87001,87018,937-555-0137,North America,Boulder,Colorado,United States,Transit Village Broadway,Transit Village Broadway,,47,1125,2009-06-17T00:00:00
52,Store,Contoso Burlington Store,On,2004-06-17T00:00:00,,54001,54012,639-555-0164,North America,Burlington,Wisconsin,United States,"Burlington, WI St shopping mall","Burlington, WI St shopping mall",,47,1125,2009-06-17T00:00:00
145,Store,Contoso Cape May Store,On,2004-12-02T00:00:00,,8204,8204,615-555-0110,North America,Cape May,New Jersey,United States,Delaware Ave St,Delaware Ave St,,22,500,2009-06-17T00:00:00
190,Store,Contoso Charleston Store,On,2004-02-22T00:00:00,,29406,29406,552-555-0111,North America,Charleston,South Carolina,United States,Rockingham St Shopping mall,Rockingham St Shopping mall,,47,1125,2009-06-17T00:00:00
90,Store,Contoso Dallas Store,On,2008-12-02T00:00:00,,75201,75202,986-555-0177,North America,Dallas,Texas,United States,Dallas Citycenter Shopping mall,Dallas Citycenter Shopping mall,,47,1125,2009-06-17T00:00:00
35,Store,Contoso Denver No.2 Store,On,2004-10-03T00:00:00,,87001,87016,952-555-0178,North America,Denver,Colorado,United States,West Highland Borden Ave,West Highland Borden Ave,,19,455,2009-06-17T00:00:00
95,Store,Contoso Desoto Store,On,2003-03-31T00:00:00,,75201,75207,935-555-0116,North America,Desoto,Texas,United States,"Desoto, TX Shopping mall","Desoto, TX Shopping mall",,26,680,2009-06-17T00:00:00
135,Store,Contoso East Orange Store,On,2004-02-15T00:00:00,,7017,7017,935-555-0199,North America,East Orange,New Jersey,United States,N Arlington Ave,N Arlington Ave,,19,455,2009-06-17T00:00:00
20,Store,Contoso Englewood Store,On,2004-09-29T00:00:00,,87001,87001,435-555-0113,North America,Englewood,Colorado,United States,Cherry Hills Village Shopping mall,Cherry Hills Village Shopping mall,,33,560,2009-06-17T00:00:00
30,Store,Contoso Fort Collins Store,On,2004-08-21T00:00:00,,87001,87011,656-555-0119,North America,Fort Collins,Colorado,United States,Old Town West ST,Old Town West ST,,22,500,2009-06-17T00:00:00
155,Store,Contoso Framingham Store,On,2004-03-19T00:00:00,,1701,1701,182-555-0134,North America,Framingham,Massachusetts,United States,29 Woodlan St,29 Woodlan St,,25,700,2009-06-17T00:00:00
187,Store,Contoso Fredericksburg Store,On,2004-02-19T00:00:00,,22401,22401,319-555-0126,North America,Fredericksburg,Virginia,United States,Beverly St Shopping mall,Beverly St Shopping mall,,26,680,2009-06-17T00:00:00
55,Store,Contoso Germantown Store,On,2004-09-02T00:00:00,,54001,54015,712-555-0119,North America,Germantown,Maryland,United States,"Germantown, DEI St Shopping mall","Germantown, DEI St Shopping mall",,25,700,2009-06-17T00:00:00
7,Store,Contoso Granger Store,On,2004-06-16T00:00:00,,97001,97007,913-555-0172,North America,Granger,Washington,United States,"Granger, WA Downtown shopping mall","Granger, WA Downtown shopping mall",,22,500,2009-06-17T00:00:00
25,Store,Contoso Greeley  No.1 Store,On,2004-03-16T00:00:00,,80631,80631,332-555-0150,North America,Greeley,Colorado,United States," W 29th Street, Greeley CityCenter"," W 29th Street, Greeley CityCenter",,25,700,2009-06-17T00:00:00
42,Store,Contoso Green Bay Store,On,2003-08-03T00:00:00,,54001,54002,286-555-0189,North America,Green Bay,Wisconsin,United States,Green Bay Downtown,Green Bay Downtown,,19,455,2009-06-17T00:00:00
140,Store,Contoso Hackensack Store,On,2004-07-20T00:00:00,,7601,7601,352-555-0138,North America,Hackensack,New Jersey,United States,237 State St,237 State St,,25,700,2009-06-17T00:00:00
172,Store,Contoso Hartford Store,On,2004-01-17T00:00:00,,6103,6103,117-555-0185,North America,Hartford,Connecticut,United States,Asylum St Shopping mall,Asylum St Shopping mall,,26,680,2009-06-17T00:00:00
92,Store,Contoso Hillsboro Store,On,2003-01-30T00:00:00,,75201,75204,818-555-0128,North America,Hillsboro,Texas,United States,"Hillsboro, TX Ward","Hillsboro, TX Ward",,17,460,2009-06-17T00:00:00
67,Store,Contoso Houston No.2 Store,On,2004-03-11T00:00:00,,70001,77010,434-555-0133,North America,Houston,Texas,United States,Texas Houston Ryon St,Texas Houston Ryon St,,47,1125,2009-06-17T00:00:00
132,Store,Contoso Jersey City Store,On,2004-11-02T00:00:00,,7304,7304,205-555-0132,North America,Jersey City,New Jersey,United States,76 Boyd Ave St,76 Boyd Ave St,,25,700,2009-06-17T00:00:00
80,Store,Contoso La Porte Store,On,2004-02-18T00:00:00,,70001,77025,420-555-0173,North America,La Porte,Texas,United States,"La Porte, TXS Shopping mall","La Porte, TXS Shopping mall",,26,680,2009-06-17T00:00:00
27,Store,Contoso Lafayette Store,On,2004-05-18T00:00:00,,87001,87008,113-555-0173,North America,Lafayette,Colorado,United States,Lafayette Downtown,Lafayette Downtown,,19,455,2009-06-17T00:00:00
152,Store,Contoso Leominster Store,On,2004-02-22T00:00:00,,1453,1453,678-555-0110,North America,Leominster,Massachusetts,United States,101 Union St Shopping mall,101 Union St Shopping mall,,47,1125,2009-06-17T00:00:00
97,Store,Contoso Lewisville Store,On,2003-04-02T00:00:00,,75201,75209,920-555-0177,North America,Lewisville,Texas,United States,"Lewisville, Edeg ST Shopping mall","Lewisville, Edeg ST Shopping mall",,33,560,2009-06-17T00:00:00
75,Store,Contoso Longview Store,On,2004-02-19T00:00:00,,70001,77019,309-555-0129,North America,Longview,Texas,United States,"Longview, SDallas St  Shopping mall","Longview, SDallas St  Shopping mall",,47,1125,2009-06-17T00:00:00
60,Store,Contoso Madison Store,On,2004-02-28T00:00:00,,54001,54020,499-555-0125,North America,Madison,Wisconsin,United States,Dudgeon-Monroe Shopping mall,Dudgeon-Monroe Shopping mall,,47,1125,2009-06-17T00:00:00
102,Store,Contoso Miami No.2 Store,On,2003-09-07T00:00:00,,33128,33136,391-555-0138,North America,Miami,Florida,United States,NW 8th St,NW 8th St,,25,700,2009-06-17T00:00:00
70,Store,Contoso Midland Store,On,2003-09-12T00:00:00,,70001,77020,611-555-0116,North America,Midland,Texas,United States,West Way St,West Way St,,25,700,2009-06-17T00:00:00
32,Store,Contoso Milliken Store,On,2004-10-23T00:00:00,,87001,87013,523-555-0175,North America,Milliken,Colorado,United States,Milliken Downtown,Milliken Downtown,,25,700,2009-06-17T00:00:00
47,Store,Contoso Milwaukee No.1 Store,On,2004-01-18T00:00:00,,54001,54007,818-555-0192,North America,Milwaukee,Wisconsin,United States,Havenwoods St,Havenwoods St,,25,700,2009-06-17T00:00:00
72,Store,Contoso Minden Store,On,2004-11-06T00:00:00,,70001,77020,612-555-0171,North America,Minden,Texas,United States,"Minden, LA  Downtown","Minden, LA  Downtown",,26,680,2009-06-17T00:00:00
142,Store,Contoso Montclair Store,On,2004-09-22T00:00:00,,7042,7042,955-555-0169,North America,Montclair,New Jersey,United States,Valley St,Valley St,,19,455,2009-06-17T00:00:00
165,Store,Contoso Nantucket Store,On,2004-11-06T00:00:00,,2554,2554,810-555-0178,North America,Nantucket,Massachusetts,United States,8 Washington St,8 Washington St,,19,455,2009-06-17T00:00:00
227,Store,Contoso Naples Store,On,2004-03-02T00:00:00,,20124,20124,492-555-0174,North America,Naples,Florida,United States,"Downtown Naples, Florida","Downtown Naples, Florida",,13,500,2009-06-17T00:00:00
177,Store,Contoso New Haven Store,On,2004-06-22T00:00:00,,6511,6511,118-555-0177,North America,New Haven,Connecticut,United States,Lynwood PI Downtown,Lynwood PI Downtown,,17,462,2009-06-17T00:00:00
115,Store,Contoso New York No.1 Store,On,2004-03-01T00:00:00,,10018,10018,571-555-0179,North America,New York,New York,United States,W 40th St,W 40th St,,22,500,2009-06-17T00:00:00
117,Store,Contoso New York No.2 Store,On,2005-05-15T00:00:00,,10018,10018,540-555-0191,North America,New York,New York,United States,Kips Bay St,Kips Bay St,,25,700,2009-06-17T00:00:00
130,Store,Contoso Newark No.1 Store,On,2004-08-28T00:00:00,,7102,7102,119-555-0192,North America,Newark,New Jersey,United States,Halsey St,Halsey St,,22,500,2009-06-17T00:00:00
180,Store,Contoso Norfolk Store,On,2004-08-25T00:00:00,,23504,23504,712-555-0170,North America,Norfolk,Virginia,United States,Wide St Shopping mall,Wide St Shopping mall,,26,680,2009-06-17T00:00:00
160,Store,Contoso Northampton Store,On,2004-08-24T00:00:00,,1062,1062,806-555-0136,North America,Northampton,Massachusetts,United States,Florence Rd Shopping mall,Florence Rd Shopping mall,,47,1125,2009-06-17T00:00:00
175,Store,Contoso Old Saybrook Store,On,2004-04-20T00:00:00,,6475,6475,100-555-0174,North America,Old Saybrook,Connecticut,United States,18 W King Rd,18 W King Rd,,47,1125,2009-06-17T00:00:00
77,Store,Contoso Orange Store,On,2004-02-21T00:00:00,,70001,77019,999-555-0155,North America,Orange,Texas,United States,Orange Citycenter Shopping mall,Orange Citycenter Shopping mall,,17,462,2009-06-17T00:00:00
110,Store,Contoso Orlando Store,On,2003-02-15T00:00:00,,32803,32803,476-555-0119,North America,Orlando,Florida,United States,1400-1598 FL-50 St,1400-1598 FL-50 St,,25,700,2009-06-17T00:00:00
170,Store,Contoso Orono Store,On,2004-02-21T00:00:00,,4473,4473,309-555-0170,North America,Orono,Maine,United States,Pleasant St,Pleasant St,,25,700,2009-06-17T00:00:00
45,Store,Contoso Oshkosh Store,On,2007-11-06T00:00:00,,54001,54005,786-555-0144,North America,Oshkosh,Wisconsin,United States,"Oshkosh, WI Broadway","Oshkosh, WI Broadway",,22,500,2009-06-17T00:00:00
122,Store,Contoso Oswego Store,On,2004-10-20T00:00:00,,13126,13126,785-555-0110,North America,Oswego,New York,United States,East River St,East River St,,22,500,2009-06-17T00:00:00
100,Store,Contoso Plano Store,On,2003-07-05T00:00:00,,75201,75212,148-555-0145,North America,Plano,Texas,United States,City North St,City North St,,17,462,2009-06-17T00:00:00
120,Store,Contoso Plattsburgh Store,On,2004-08-18T00:00:00,,12901,12901,727-555-0112,North America,Plattsburgh,New York,United States,Brinkerhoff St,Brinkerhoff St,,33,560,2009-06-17T00:00:00
127,Store,Contoso Poestenkill Store,On,2004-01-25T00:00:00,,12140,12140,712-555-0113,North America,Poestenkill,New York,United States,Rensselaer County St,Rensselaer County St,,19,455,2009-06-17T00:00:00
57,Store,Contoso Port Washington Store,On,2004-11-25T00:00:00,,54001,54017,910-555-0116,North America,Port Washington,Wisconsin,United States,"Port Washington, WIMI St Shopping mall","Port Washington, WIMI St Shopping mall",,26,680,2009-06-17T00:00:00
195,Store,Contoso Queen Anne's County Store,On,2004-05-21T00:00:00,,21617,21617,106-555-0120,North America,Queen Anne's County,Maryland,United States,Tilghman Neck St Shopping mall,Tilghman Neck St Shopping mall,,26,680,2009-06-17T00:00:00
125,Store,Contoso Queens Store,On,2006-01-23T00:00:00,,11432,11432,150-555-0194,North America,Queens,New York,United States,St Johns Downtown,St Johns Downtown,,25,700,2009-06-17T00:00:00
65,Store,Contoso Racine No.2 Store,On,2009-07-02T00:00:00,,54025,54025,518-555-0199,North America,Racine,Wisconsin,United States,"Racine, Big Shopping mall","Racine, Big Shopping mall",,19,455,2009-06-17T00:00:00
185,Store,Contoso Roanoke Store,On,2004-10-17T00:00:00,,24011,24011,559-555-0175,North America,Roanoke,Virginia,United States,Salem Ave SE StShopping mall,Salem Ave SE StShopping mall,,17,462,2009-06-17T00:00:00
87,Store,Contoso San Antonio Store,On,2004-08-25T00:00:00,,70001,77023,970-555-0118,North America,San Antonio,Texas,United States,City North Region Downtown,City North Region Downtown,,26,680,2009-06-17T00:00:00
107,Store,Contoso Sebring Store,On,2003-02-12T00:00:00,,33870,33871,166-555-0159,North America,Sebring,Florida,United States,601-669 N Ping St,601-669 N Ping St,,22,500,2009-06-17T00:00:00
157,Store,Contoso Somerville Store,On,2004-05-21T00:00:00,,2145,2145,587-555-0114,North America,Somerville,Massachusetts,United States,Pembroke St,Pembroke St,,26,680,2009-06-17T00:00:00
85,Store,Contoso Spring Store,On,2004-07-23T00:00:00,,70001,77004,153-555-0186,North America,Spring,Texas,United States,Arthur Bayer Park St,Arthur Bayer Park St,,17,462,2009-06-17T00:00:00
105,Store,Contoso Tallahassee No.2 Store,On,2003-11-29T00:00:00,,32301,32303,768-555-0123,North America,Tallahassee,Florida,United States,Thomasville Rd,Thomasville Rd,,33,560,2009-06-17T00:00:00
82,Store,Contoso Texas City Store,On,2004-04-20T00:00:00,,70001,77002,815-555-0138,North America,Texas City,Texas,United States,"Texas City, TX St Shopping mall","Texas City, TX St Shopping mall",,33,560,2009-06-17T00:00:00
10,Store,Contoso Wapato Store,On,2004-09-19T00:00:00,,97001,97010,145-555-0130,North America,Wapato,Washington,United States,"Wapato, Citycenter","Wapato, Citycenter",,25,700,2009-06-17T00:00:00
50,Store,Contoso Waukesha No.1 Store,On,2004-04-19T00:00:00,,54001,54010,299-555-0113,North America,Waukesha,Wisconsin,United States,"Waukesha,  Water St","Waukesha,  Water St",,19,455,2009-06-17T00:00:00
182,Store,Contoso Winchester Store,On,2004-11-27T00:00:00,,22601,22601,654-555-0177,North America,Winchester,Virginia,United States,Handley St Shopping mall,Handley St Shopping mall,,33,560,2009-06-17T00:00:00
147,Store,Contoso Worcester No.1 Store,On,2004-10-17T00:00:00,,1608,1608,441-555-0195,North America,Worcester,Massachusetts,United States,99 Central St,99 Central St,,25,700,2009-06-17T00:00:00
200,Catalog,Contoso Catalog Store,On,2004-10-26T00:00:00,,21234,21234,278-555-0118,North America,North Harford,Maryland,United States,North Harford St Shopping mall,North Harford St Shopping mall,,120,462,2009-06-17T00:00:00
199,Online,Contoso North America Online Store,On,2004-08-25T00:00:00,,20817,20817,450-555-0152,North America,Bethesda,Maryland,United States,Marbury St Shopping mall,Marbury St Shopping mall,,325,500,2009-06-16T00:00:00
4,Store,Contoso Bellevue Store,On,2004-03-01T00:00:00,,97001,97004,612-555-0100,North America,Bellevue,Washington,United States,West Lake Hills shopping mall,West Lake Hills shopping mall,,19,455,2009-06-16T00:00:00
6,Store,Contoso Yakima Store,On,2005-05-15T00:00:00,,97001,97006,168-555-0183,North America,Yakima,Washington,United States,"Yakima, shopping mall","Yakima, shopping mall",,47,1125,2009-06-16T00:00:00
79,Store,Contoso Baytown Store,On,2004-01-17T00:00:00,,70001,77005,119-555-0117,North America,Baytown,Texas,United States,"Baytown, TX St Shopping mall","Baytown, TX St Shopping mall",,26,680,2009-06-16T00:00:00
16,Store,Contoso Everett Store,On,2004-01-25T00:00:00,,97001,97016,508-555-0165,North America,Everett,Washington,United States,Riverside  Ave Shopping mall,Riverside  Ave,,17,462,2009-06-16T00:00:00
1,Store,Contoso Seattle No.1 Store,On,2004-04-12T00:00:00,,97001,97001,320-555-0195,North America,Seattle,Washington,United States,East Queen Anne Big shopping mall,East Queen Anne Big shopping mall,,17,462,2009-06-16T00:00:00
114,Store,Contoso Albany Store,On,2004-02-12T00:00:00,,12207,12207,697-555-0142,North America,Albany,New York,United States,N Pine St,N Pine St,,47,1125,2009-06-16T00:00:00
191,Store,Contoso Annapolis Store,On,2004-01-17T00:00:00,,21401,21401,908-555-0159,North America,Annapolis,Maryland,United States,Cherry Grove Ave Shopping mall,Cherry Grove Ave Shopping mall,,22,500,2009-06-16T00:00:00
141,Store,Contoso Atlantic City Store,On,2004-08-21T00:00:00,,8401,8401,446-555-0118,North America,Atlantic City,New Jersey,United States,Pacific Ave,Pacific Ave,,26,680,2009-06-16T00:00:00
86,Store,Contoso Austin Store,On,2004-08-24T00:00:00,,70001,77004,172-555-0130,North America,Austin,Texas,United States,Central East Austin St,Central East Austin St,,25,700,2009-06-16T00:00:00
81,Store,Contoso Bacliff Store,On,2004-03-19T00:00:00,,70001,77002,143-555-0173,North America,Bacliff,Texas,United States,Bacliff Downtown Shopping mall,Bacliff Downtown Shopping mall,,19,455,2009-06-16T00:00:00
166,Store,Contoso Bangor Store,On,2004-10-17T00:00:00,,4401,4401,201-555-0163,North America,Bangor,Maine,United States,Woodland Dr St Shopping mall,Woodland Dr St Shopping mall,,33,560,2009-06-16T00:00:00
76,Store,Contoso Beaumont No.1 Store,On,2004-02-20T00:00:00,,70001,77019,896-555-0168,North America,Beaumont,Texas,United States,"Beaumont, Tt Shopping mall","Beaumont, Tt Shopping mall",,22,500,2009-06-16T00:00:00
146,Store,Contoso Boston Store,On,2004-11-06T00:00:00,,2210,2210,615-555-0110,North America,Boston,Massachusetts,United States,Channel Center St,Channel Center St,,17,460,2009-06-16T00:00:00
121,Store,Contoso Brooklyn Store,On,2004-09-19T00:00:00,,11238,11238,158-555-0191,North America,Brooklyn,New York,United States,Flatbush Ave St,Flatbush Ave St,,47,1125,2009-06-16T00:00:00
186,Store,Contoso Charlottesville Store,On,2004-02-18T00:00:00,,22903,22903,751-555-0134,North America,Charlottesville,Virginia,United States,Grady Ave StShopping mall,Grady Ave StShopping mall,,25,700,2009-06-16T00:00:00
11,Store,Contoso Cle Elum Store,On,2004-10-20T00:00:00,,97001,97011,849-555-0139,North America,Cle Elum,Washington,United States,"Cle Elum, Citycenter","Cle Elum, Citycenter",,26,680,2009-06-16T00:00:00
134,Store,Contoso Clifton Store,On,2004-01-24T00:00:00,,7013,7013,417-555-0154,North America,Clifton,New Jersey,United States,Kowal Downtown,Kowal Downtown,,26,680,2009-06-16T00:00:00
176,Store,Contoso Darien Store,On,2004-05-21T00:00:00,,6820,6820,438-555-0172,North America,Darien,Connecticut,United States,Lakeside Ave Shopping mall,Lakeside Ave Shopping mall,,22,500,2009-06-16T00:00:00
34,Store,Contoso Denver No.1 Store,On,2004-12-02T00:00:00,,87001,87015,609-555-0179,North America,Denver,Colorado,United States,Coors Field 17th St,Coors Field 17th St,,26,680,2009-06-16T00:00:00
36,Store,Contoso Denver No.3 Store,On,2003-06-27T00:00:00,,87001,87017,943-555-0196,North America,Denver,Colorado,United States,Wellshire St,Wellshire St,,33,560,2009-06-16T00:00:00
126,Store,Contoso Elmira Store,On,2004-02-24T00:00:00,,14901,14901,139-555-0120,North America,Elmira,New York,United States,Columbia St,Columbia St,,26,680,2009-06-16T00:00:00
14,Store,Contoso Fall City Store,On,2006-01-23T00:00:00,,97001,97014,819-555-0175,North America,Fall City,Washington,United States,"Fall City, Citycenter","Fall City, Citycenter",,47,1125,2009-06-16T00:00:00
46,Store,Contoso Fond du Lac Store,On,2007-12-07T00:00:00,,54001,54006,992-555-0194,North America,Fond du Lac,Wisconsin,United States,Fond du Lac Shopping mall,Fond du Lac Shopping mall,,17,460,2009-06-16T00:00:00
64,Store,Contoso Fort Atkinson Store,On,2004-06-01T00:00:00,,54001,54024,688-555-0192,North America,Fort Atkinson,Wisconsin,United States,Fort Atkinson Citycenter,Fort Atkinson Citycenter,,26,680,2009-06-16T00:00:00
109,Store,Contoso Fort Lauderdale Store,On,2003-02-14T00:00:00,,33304,33304,582-555-0178,North America,Fort Lauderdale,Florida,United States,G Harold Martin Downtown,G Harold Martin Downtown,,25,700,2009-06-16T00:00:00
99,Store,Contoso Fort Worth Store,On,2003-06-04T00:00:00,,75201,75211,148-555-0145,North America,Fort Worth,Texas,United States,Amon Carter Museum St,Amon Carter Museum St,,22,500,2009-06-16T00:00:00
91,Store,Contoso Georgetown Store,On,2003-01-29T00:00:00,,75201,75203,777-555-0141,North America,Georgetown,Texas,United States,Georgetown St,Georgetown St,,22,500,2009-06-16T00:00:00
94,Store,Contoso Grand Prairie Store,On,2003-02-03T00:00:00,,75201,75206,845-555-0184,North America,Grand Prairie,Texas,United States,"Grand Prairie, TX  Downtown","Grand Prairie, TX  Downtown",,25,700,2009-06-16T00:00:00
31,Store,Contoso Greeley No.2 Store,On,2004-09-22T00:00:00,,80631,80631,138-555-0128,North America,Greeley,Colorado,United States,Greeley  Downtown Shopping mall,Greeley  Downtown Shopping mall,,17,462,2009-06-16T00:00:00
189,Store,Contoso Greenville Store,On,2004-02-21T00:00:00,,29601,29601,517-555-0122,North America,Greenville,South Carolina,United States,Lavinia St Shopping mall,Lavinia St Shopping mall,,33,560,2009-06-16T00:00:00
161,Store,Contoso Holyoke Store,On,2004-08-25T00:00:00,,1040,1040,819-555-0198,North America,Holyoke,Massachusetts,United States,Old Jarvis Ave,Old Jarvis Ave,,22,500,2009-06-16T00:00:00
66,Store,Contoso Houston No.1 Store,On,2004-08-03T00:00:00,,70001,77009,901-555-0125,North America,Houston,Texas,United States,Texas Houston Freeman St,Texas Houston Freeman St,,33,560,2009-06-16T00:00:00
69,Store,Contoso Houston No.4 Store,On,2004-08-03T00:00:00,,70001,77020,623-555-0155,North America,Houston,Texas,United States,Texas Houston Sakowitz St,Texas Houston Sakowitz St,,17,460,2009-06-16T00:00:00
169,Store,Contoso Lewiston Store,On,2004-02-20T00:00:00,,4240,4240,140-555-0132,North America,Lewiston,Maine,United States,50 Kevin St,50 Kevin St,,17,460,2009-06-16T00:00:00
39,Store,Contoso Littleton Store,On,2003-05-30T00:00:00,,87001,87020,963-555-0134,North America,Littleton,Colorado,United States,"Littleton, Citycenter","Littleton, Citycenter",,17,462,2009-06-16T00:00:00
26,Store,Contoso Loveland Store,On,2004-04-17T00:00:00,,87001,87007,166-555-0162,North America,Loveland,Colorado,United States,Loveland Downtown,Loveland Downtown,,26,680,2009-06-16T00:00:00
151,Store,Contoso Lowell Store,On,2004-02-21T00:00:00,,1852,1852,181-555-0124,North America,Lowell,Massachusetts,United States,Gorham Citycenter,Gorham Citycenter,,33,560,2009-06-16T00:00:00
159,Store,Contoso Lynn Store,On,2004-07-23T00:00:00,,1904,1904,869-555-0119,North America,Lynn,Massachusetts,United States,Congress Rd,Congress Rd,,33,560,2009-06-16T00:00:00
59,Store,Contoso Manitowoc Store,On,2004-04-27T00:00:00,,54001,54019,714-555-0138,North America,Manitowoc,Wisconsin,United States,"Manitowoc, DAWI St Shopping mall","Manitowoc, DAWI St Shopping mall",,33,560,2009-06-16T00:00:00
74,Store,Contoso Marshall Store,On,2004-02-18T00:00:00,,70001,77003,248-555-0134,North America,Marshall,Texas,United States,"Marshall, TX Shopping mall","Marshall, TX Shopping mall",,33,560,2009-06-16T00:00:00
44,Store,Contoso Menasha Store,On,2003-10-05T00:00:00,,54001,54004,685-555-0120,North America,Menasha,Wisconsin,United States,"Menasha, WI Shopping mall","Menasha, WI Shopping mall",,47,1125,2009-06-16T00:00:00
101,Store,Contoso Miami No.1 Store,On,2003-08-06T00:00:00,,33128,33130,199-555-0117,North America,Miami,Florida,United States,FLW Flagler St,FLW Flagler St,,17,462,2009-06-16T00:00:00
49,Store,Contoso Milwaukee No.3 Store,On,2004-04-02T00:00:00,,54001,54009,778-555-0141,North America,Milwaukee,Wisconsin,United States,Lincoln Village St,Lincoln Village St,,26,680,2009-06-16T00:00:00
144,Store,Contoso Morristown Store,On,2004-11-24T00:00:00,,7960,7960,646-555-0185,North America,Morristown,New Jersey,United States,Washington St,Washington St,,47,1125,2009-06-16T00:00:00
149,Store,Contoso New Bedford Store,On,2004-02-19T00:00:00,,2740,2740,965-555-0155,North America,New Bedford,Massachusetts,United States,Palmer CityCenter,Palmer CityCenter,,26,680,2009-06-16T00:00:00
139,Store,Contoso New Brunswick Store,On,2004-06-19T00:00:00,,8901,8901,533-555-0111,North America,New Brunswick,New Jersey,United States,Suydam St,Suydam St,,17,462,2009-06-16T00:00:00
24,Store,Contoso New Castle Store,On,2004-02-15T00:00:00,,87001,87005,413-555-0136,North America,New Castle,Colorado,United States,New Castle CityCenter,New Castle CityCenter,,25,700,2009-06-16T00:00:00
179,Store,Contoso New London Store,On,2004-08-24T00:00:00,,6320,6320,156-555-0199,North America,New London,Connecticut,United States,Jefferson Ave,Jefferson Ave,,26,680,2009-06-16T00:00:00
131,Store,Contoso Newark No.2 Store,On,2004-09-29T00:00:00,,7102,7102,200-555-0112,North America,Newark,New Jersey,United States,Edison PI St,Edison PI St,,17,462,2009-06-16T00:00:00
61,Store,Contoso Oregon Store,On,2004-03-29T00:00:00,,54001,54021,932-555-0161,North America,Oregon,Wisconsin,United States,"Oregon, EQI St  Shopping mall","Oregon, EQI St  Shopping mall",,22,500,2009-06-16T00:00:00
41,Store,Contoso Parker Store,On,2004-07-02T00:00:00,,54001,54001,218-555-0126,North America,Parker,Colorado,United States,"Parker, CO  Shopping mall","Parker, CO  Shopping mall",,26,680,2009-06-16T00:00:00
196,Store,Contoso Parkville Store,On,2004-06-22T00:00:00,,21234,21234,949-555-0174,North America,Parkville,Maryland,United States,Parkville St Shopping mall,Parkville St Shopping mall,,19,455,2009-06-16T00:00:00
136,Store,Contoso Passaic Store,On,2004-03-16T00:00:00,,7055,7055,180-555-0136,North America,Passaic,New Jersey,United States,190 Paulison Ave,190 Paulison Ave,,33,560,2009-06-16T00:00:00
164,Store,Contoso Provincetown Store,On,2004-12-02T00:00:00,,2657,2657,181-555-0156,North America,Provincetown,Massachusetts,United States,Alden St,Alden St,,26,680,2009-06-16T00:00:00
154,Store,Contoso Quincy Store,On,2004-02-18T00:00:00,,2169,2169,870-555-0122,North America,Quincy,Massachusetts,United States,Thomas E Burgin St,Thomas E Burgin St,,17,462,2009-06-16T00:00:00
51,Store,Contoso Racine No.1 Store,On,2004-05-15T00:00:00,,54001,54001,846-555-0157,North America,Racine,Wisconsin,United States,Racine shopping mall,Racine shopping mall,,33,560,2009-06-16T00:00:00
96,Store,Contoso Richardson Store,On,2003-02-01T00:00:00,,75201,75208,208-555-0114,North America,Richardson,Texas,United States,Richardson Downtown Shopping mall,Richardson Downtown Shopping mall,,19,455,2009-06-16T00:00:00
194,Store,Contoso Ridgely Store,On,2004-04-20T00:00:00,,21660,21660,310-555-0133,North America,Ridgely,Maryland,United States,Deerfield St,Deerfield St,,25,700,2009-06-16T00:00:00
116,Store,Contoso Rochester No.1 Store,On,2004-04-02T00:00:00,,14608,14608,147-555-0179,North America,Rochester,New York,United States,Madison St,Madison St,,17,462,2009-06-16T00:00:00
124,Store,Contoso Rochester No.2 Store,On,2004-12-22T00:00:00,,14608,14608,510-555-0121,North America,Rochester,New York,United States,Canal St,Canal St,,25,700,2009-06-16T00:00:00
89,Store,Contoso Round Rock Store,On,2004-11-27T00:00:00,,70001,77009,373-555-0142,North America,Round Rock,Texas,United States,Egger Acres St,Egger Acres St,,33,560,2009-06-16T00:00:00
71,Store,Contoso Russellville Store,On,2007-11-05T00:00:00,,70001,77020,793-555-0179,North America,Russellville,Texas,United States,"Russellville, AR St","Russellville, AR St",,25,700,2009-06-16T00:00:00
171,Store,Contoso South Portland Store,On,2004-02-22T00:00:00,,4106,4106,990-555-0172,North America,South Portland,Maine,United States,Robert Mills St,Robert Mills St,,25,700,2009-06-16T00:00:00
104,Store,Contoso Tallahassee No.1 Store,On,2003-11-09T00:00:00,,32301,32301,200-555-0117,North America,Tallahassee,Florida,United States,Woodland Drives St,Woodland Drives St,,19,455,2009-06-16T00:00:00
111,Store,Contoso Tampa Store,On,2003-02-16T00:00:00,,33605,33605,531-555-0183,North America,Tampa,Florida,United States,E Columbus Downtown,E Columbus Downtown,,26,680,2009-06-16T00:00:00
9,Store,Contoso Toppenish Store,On,2004-08-18T00:00:00,,97001,97009,903-555-0145,North America,Toppenish,Washington,United States,"Toppenish, Citycenter","Toppenish, Citycenter",,25,700,2009-06-16T00:00:00
181,Store,Contoso Virginia Beach Store,On,2004-10-26T00:00:00,,23451,23451,753-555-0129,North America,Virginia Beach,Virginia,United States,Atlantic Shopping mall,Atlantic Shopping mall,,19,455,2009-06-16T00:00:00
174,Store,Contoso Waterbury Store,On,2004-03-19T00:00:00,,6702,6702,238-555-0116,North America,Waterbury,Connecticut,United States,192 Bank St Shopping mall,192 Bank St Shopping mall,,33,560,2009-06-16T00:00:00
54,Store,Contoso Waukesha No.2 Store,On,2004-08-20T00:00:00,,54014,54014,669-555-0150,North America,Waukesha,Wisconsin,United States,"Waukesha, WI 8th Ave","Waukesha, WI 8th Ave",,17,462,2009-06-16T00:00:00
21,Store,Contoso Wheat Ridge Store,On,2004-11-02T00:00:00,,87001,87002,202-555-0151,North America,Wheat Ridge,Colorado,United States,"Wheat Ridge, CityCenter","Wheat Ridge, CityCenter",,47,1125,2009-06-16T00:00:00
88,Store,Contoso Cedar Park Store,On,2004-10-26T00:00:00,,70001,77011,577-555-0185,North America,Cedar Park,Texas,United States,"Cedar Park, TX St","Cedar Park, TX St",,19,455,2009-06-18T00:00:00
308,Reseller,Contoso North America Reseller,On,2004-03-08T00:00:00,,56535,56535,55-555-0118,North America,Seattle,Washington,United States,Seattle Shopping Mall,Seattle Shopping Mall,,15,450,2008-06-05T00:00:00
183,Store,Contoso Anchorage Store,On,2004-12-02T00:00:00,,,,110-555-0115,North America,Anchorage,Alaska,United States,"4800 Spenard Road,Shopping mall","4800 Spenard Road,Shopping mall",,47,1125,2009-06-18T00:00:00
43,Store,Contoso Appleton Store,On,2003-09-04T00:00:00,,54001,54003,164-555-0164,North America,Appleton,Wisconsin,United States,"Appleton, WI Newark St","Appleton, WI Newark St",,33,560,2009-06-18T00:00:00
93,Store,Contoso Arlington Store,On,2003-08-31T00:00:00,,75201,75205,204-555-0115,North America,Arlington,Texas,United States,Central Oaks Shopping mall,Central Oaks Shopping mall,,25,700,2009-06-18T00:00:00
78,Store,Contoso Beaumont No.2 Store,On,2004-02-22T00:00:00,,70001,77046,808-555-0172,North America,Beaumont,Texas,United States,"Beaumont, TX Downtown","Beaumont, TX Downtown",,25,700,2009-06-18T00:00:00
33,Store,Contoso Berthoud Store,On,2004-11-24T00:00:00,,87001,87014,668-555-0130,North America,Berthoud,Colorado,United States,"Berthoud, CO St","Berthoud, CO St",,26,680,2009-06-18T00:00:00
173,Store,Contoso Bridgeport Store,On,2004-02-18T00:00:00,,6604,6604,609-555-0153,North America,Bridgeport,Connecticut,United States,Center St,Center St,,19,455,2009-06-18T00:00:00
113,Store,Contoso Cape Canaveral Store,On,2004-02-14T00:00:00,,32920,32920,260-555-0119,North America,Cape Canaveral,Florida,United States,Astronaut Blvd St,Astronaut Blvd St,,33,560,2009-06-18T00:00:00
28,Store,Contoso Castle Rock Store,On,2004-06-19T00:00:00,,87001,87009,115-555-0179,North America,Castle Rock,Colorado,United States,Castle Rock Downtown,Castle Rock Downtown,,33,560,2009-06-18T00:00:00
98,Store,Contoso Denton Store,On,2003-05-03T00:00:00,,75201,75210,913-555-0184,North America,Denton,Texas,United States,Denton Citycenter Shopping mall,Denton Citycenter Shopping mall,,47,1125,2009-06-18T00:00:00
53,Store,Contoso East Troy Store,On,2004-08-18T00:00:00,,54001,54013,191-555-0112,North America,East Troy,Wisconsin,United States,"East Troy, DW St Shopping mall","East Troy, DW St Shopping mall",,22,500,2009-06-18T00:00:00
63,Store,Contoso Edgerton Store,On,2004-05-31T00:00:00,,54001,54023,679-555-0113,North America,Edgerton,Wisconsin,United States,"Edgerton, WI Broadway","Edgerton, WI Broadway",,25,700,2009-06-18T00:00:00
163,Store,Contoso Falmouth Store,On,2004-11-27T00:00:00,,2540,2540,429-555-0137,North America,Falmouth,Massachusetts,United States,Shore Citycenter Shopping mall,Shore Citycenter Shopping mall,,25,700,2009-06-18T00:00:00
198,Store,Contoso North Harford Store,On,2004-08-24T00:00:00,,20874,20874,817-555-0186,North America,Germantown,Maryland,United States,Wisteria St Shopping mall,Wisteria St Shopping mall,,47,1125,2009-06-18T00:00:00
23,Store,Contoso Grand Junction Store,On,2004-01-24T00:00:00,,87001,87004,913-555-0196,North America,Grand Junction,Colorado,United States,Grand Junction Downtown,Grand Junction Downtown,,17,460,2009-06-18T00:00:00
158,Store,Contoso Haverhill Store,On,2004-06-22T00:00:00,,1832,1832,368-555-0113,North America,Haverhill,Massachusetts,United States,Hilldale Ave St,Hilldale Ave St,,19,455,2009-06-18T00:00:00
153,Store,Contoso Hingham Store,On,2004-01-17T00:00:00,,2043,2043,696-555-0157,North America,Hingham,Massachusetts,United States,Crowes Ln St,Crowes Ln St,,22,500,2009-06-18T00:00:00
143,Store,Contoso Hoboken Store,On,2004-10-23T00:00:00,,7030,7030,110-555-0182,North America,Hoboken,New Jersey,United States,322 8th St,322 8th St,,33,560,2009-06-18T00:00:00
68,Store,Contoso Houston No.3 Store,On,2004-07-02T00:00:00,,70001,77010,226-555-0197,North America,Houston,Texas,United States,Texas Houston Brewster St,Texas Houston Brewster St,,22,500,2009-06-18T00:00:00
193,Store,Contoso Howard Store,On,2004-03-19T00:00:00,,21794,21794,167-555-0139,North America,Howard,Maryland,United States,River Valley Chase St Shopping mall,River Valley Chase St Shopping mall,,25,700,2009-06-18T00:00:00
123,Store,Contoso Ithaca Store,On,2004-11-21T00:00:00,,14850,14850,361-555-0180,North America,Ithaca,New York,United States,Cascadilla Ave St,Cascadilla Ave St,,17,460,2009-06-18T00:00:00
103,Store,Contoso Jacksonville Store,On,2003-10-08T00:00:00,,32254,32254,454-555-0119,North America,Jacksonville,Florida,United States,Lackawanna Park St,Lackawanna Park St,,26,680,2009-06-18T00:00:00
168,Store,Contoso Kennebunkport Store,On,2004-02-19T00:00:00,,4046,4046,587-555-0115,North America,Kennebunkport,Maine,United States,School St,School St,,22,500,2009-06-18T00:00:00
3,Store,Contoso Kennewick Store,On,2004-02-12T00:00:00,,97001,97003,212-555-0187,North America,Kennewick,Washington,United States,"Kennewick,  Downtown","Kennewick,  Downtown",,26,680,2009-06-18T00:00:00
108,Store,Contoso Lakeland Store,On,2003-02-13T00:00:00,,33815,33815,477-555-0132,North America,Lakeland,Florida,United States,N Missouri Ave,N Missouri Ave,,17,460,2009-06-18T00:00:00
178,Store,Contoso Litchfield County Store,On,2004-07-23T00:00:00,,6759,6759,164-555-0114,North America,Litchfield County,Connecticut,United States,"CTuDED Rd, Litchfield County","CTuDED Rd, Litchfield County",,25,700,2009-06-18T00:00:00
188,Store,Contoso Martinsville Store,On,2004-02-20T00:00:00,,24112,24112,809-555-0133,North America,Martinsville,Virginia,United States,Monroe St,Monroe St,,19,455,2009-06-18T00:00:00
83,Store,Contoso Pasadena Store,On,2004-05-21T00:00:00,,70001,77003,314-555-0113,North America,Pasadena,Texas,United States,"Pasadena, TX St Shopping mall","Pasadena, TX St Shopping mall",,47,1125,2009-06-18T00:00:00
133,Store,Contoso Paterson Store,On,2008-12-03T00:00:00,,7505,7505,653-555-0144,North America,Paterson,New Jersey,United States,Federal Plaza St,Federal Plaza St,,26,680,2009-06-18T00:00:00
58,Store,Contoso Sheboygan Store,On,2004-12-26T00:00:00,,54001,54018,319-555-0139,North America,Sheboygan,Wisconsin,United States,"Sheboygan, WIAmsterdam Ave","Sheboygan, WIAmsterdam Ave",,19,455,2009-06-18T00:00:00
73,Store,Contoso Shreveport Store,On,2004-10-17T00:00:00,,70001,77002,522-555-0147,North America,Shreveport,Texas,United States,Texas Houston 1300 Baker St,Texas Houston 1300 Baker St,,19,455,2009-06-18T00:00:00
13,Store,Contoso Snoqualmie Store,On,2004-12-22T00:00:00,,97001,97013,122-555-0189,North America,Snoqualmie,Washington,United States,"Snoqualmie, Citycenter","Snoqualmie, Citycenter",,33,560,2009-06-18T00:00:00
8,Store,Contoso Sunnyside Store,On,2004-07-02T00:00:00,,97001,97008,913-555-0172,North America,Sunnyside,Washington,United States,"Sunnyside, WA Citycenter","Sunnyside, WA Citycenter",,17,460,2009-06-18T00:00:00
118,Store,Contoso Syracuse Store,On,2004-06-16T00:00:00,,13203,13203,234-555-0169,North America,Syracuse,New York,United States,520 Pearl St,520 Pearl St,,26,680,2009-06-18T00:00:00
38,Store,Contoso Thornton Store,On,2003-04-29T00:00:00,,87001,87019,333-555-0173,North America,Thornton,Colorado,United States,"Shopping mall, Citycenter","Shopping mall, Citycenter",,22,500,2009-06-18T00:00:00
128,Store,Contoso Trenton No.1 Store,On,2004-03-26T00:00:00,,8608,8608,350-555-0167,North America,Trenton,New Jersey,United States,241 E State St,241 E State St,,33,560,2009-06-18T00:00:00
18,Store,Contoso Veradale Store,On,2004-07-27T00:00:00,,97001,97018,632-555-0129,North America,Veradale,Washington,United States,"Veradale, Citycenter","Veradale, Citycenter",,26,680,2009-06-18T00:00:00
138,Store,Contoso Vineland Store,On,2004-05-18T00:00:00,,8360,8360,984-555-0148,North America,Vineland,New Jersey,United States,W Cherry St,W Cherry St,,22,500,2009-06-18T00:00:00
184,Store,Contoso Alexandria Store,Off,2004-11-06T00:00:00,2009-07-12T00:00:00,22302,22302,822-555-0145,North America,Alexandria,Virginia,United States,Kingsgate St Shopping mall,Kingsgate St Shopping mall,Relocation,22,500,2009-06-16T00:00:00
119,Store,Contoso Buffalo Store,Off,2004-07-02T00:00:00,2008-09-22T00:00:00,14203,14203,185-555-0186,North America,Buffalo,New York,United States,Buffalo Citycenter,Buffalo Citycenter,Store,19,455,2009-06-16T00:00:00
19,Store,Contoso Cheney Store,Off,2004-08-28T00:00:00,2009-05-12T00:00:00,97001,97019,328-555-0150,North America,Cheney,Washington,United States,Cheney DownTown Shopping mall,Cheney DownTown Shopping mall,Store,19,455,2009-06-16T00:00:00
84,Store,Contoso Humble Store,Off,2004-06-22T00:00:00,2009-02-12T00:00:00,70001,77004,373-555-0137,North America,Humble,Texas,United States,"Humble, TXd Shopping mall","Humble, TXd Shopping mall",Relocation,22,500,2009-06-16T00:00:00
112,Store,Contoso Key West Store,Off,2004-01-12T00:00:00,2009-07-02T00:00:00,33040,33040,637-555-0120,North America,Key West,Florida,United States,N Roosevelt Blvd St,N Roosevelt Blvd St,Relocation,19,455,2009-06-17T00:00:00
48,Store,Contoso Milwaukee No.2 Store,Off,2004-02-09T00:00:00,2009-05-12T00:00:00,54001,54008,399-555-0176,North America,Milwaukee,Wisconsin,United States,Riverwest St,Riverwest St,Relocation,25,700,2009-06-18T00:00:00
12,Store,Contoso North Bend Store,Off,2004-11-21T00:00:00,2009-04-12T00:00:00,97001,97012,206-555-0180,North America,North Bend,Washington,United States,"North Bend, Citycenter","North Bend, Citycenter",Relocation,19,455,2009-06-17T00:00:00
162,Store,Contoso Pittsfield Store,Off,2004-10-26T00:00:00,2009-07-12T00:00:00,1201,1201,173-555-0179,North America,Pittsfield,Massachusetts,United States,Columbus Ave,Columbus Ave,Relocation,17,462,2009-06-17T00:00:00
29,Store,Contoso Sedalia Store,Off,2004-07-20T00:00:00,2009-07-12T00:00:00,87001,87010,147-555-0160,North America,Sedalia,Colorado,United States,N Plum Ave St,N Plum Ave St,Relocation,47,1125,2009-06-16T00:00:00
62,Store,Contoso Stoughton Store,Off,2004-04-30T00:00:00,2009-07-12T00:00:00,54001,54022,602-555-0194,North America,Stoughton,Wisconsin,United States,"Stoughton, Citycenter","Stoughton, Citycenter",Relocation,17,462,2009-06-17T00:00:00
129,Store,Contoso Trenton No.2 Store,Off,2004-07-27T00:00:00,2008-12-12T00:00:00,8608,8608,241-555-0191,North America,Trenton,New Jersey,United States,202 S Feeder St,202 S Feeder St,Relocation,47,1125,2009-06-16T00:00:00
148,Store,Contoso Worcester No.2 Store,Off,2004-02-18T00:00:00,2009-07-12T00:00:00,1608,1608,118-555-0110,North America,Worcester,Massachusetts,United States,Humboldt Ave,Humboldt Ave,Relocation,25,700,2009-06-18T00:00:00
156,Store,Contoso Cambridge Store,On,2004-04-20T00:00:00,,2138,2138,594-555-0110,Europe,Cambridge,England,United Kingdom,8 Story St  Shopping mall,8 Story St  Shopping mall,,26,680,2009-06-16T00:00:00
214,Store,Contoso Leeds Store,On,2004-06-27T00:00:00,,,,407-555-0165,Europe,Leeds,England,United Kingdom,"Leeds Citycenter, United Kingdom","Leeds Citycenter, United Kingdom",,25,680,2009-06-16T00:00:00
201,Store,Contoso London Store,On,2004-11-27T00:00:00,,,,927-555-0168,Europe,London,England,United Kingdom,"London, W1C 1HG, United Kingdom","London, W1C 1HG, United Kingdom",,17,462,2009-06-16T00:00:00
215,Store,Contoso Paris Store,On,2004-03-28T00:00:00,,75001,75001,139-555-0131,Europe,Paris,Seine (Paris),France,"Rue de Rivoli Citycenter  Paris, France","Rue de Rivoli Citycenter  Paris, France",,12,680,2009-06-17T00:00:00
309,Reseller,Contoso Europe Reseller,On,2004-05-07T00:00:00,,535455,535455,55-555-0119,Europe,Paris,Seine (Paris),France,France Shopping Mall,France Shopping Mall,,12,551,2008-06-05T00:00:00
253,Store,Contoso Sydney No.1 Store,On,2005-06-27T00:00:00,,2000,2000,203-555-0196,Asia,Sydney,New South Wales,Australia,"Sydney Citycenter, Australia","Sydney Citycenter, Australia",,20,480,2009-06-18T00:00:00
300,Store,Contoso Sydney  No.2 Store,On,2004-03-18T00:00:00,,59000,60000,1 (11) 500 555-,Asia,Sydney,New South Wales,Australia," PT St Sydney, Australia"," PT St Sydney, Australia",,95,480,2009-06-18T19:00:00
289,Store,Contoso Vancouver  No.1 Store,On,2004-11-25T00:00:00,,,,664-555-0112,North America,Vancouver,British Columbia,Canada,"Burrard Street, Vancouver, Canada","Burrard Street, Vancouver, Canada",,95,480,2009-06-18T08:00:00
290,Store,Contoso Vancouver  No.2 Store,On,2004-12-26T00:00:00,,,,340-555-0193,North America,Vancouver,British Columbia,Canada,"Johnston Street, Vancouver, Canada","Johnston Street, Vancouver, Canada",,95,480,2009-06-18T09:00:00
22,Store,Contoso Westminster Store,On,2004-12-03T00:00:00,,87001,87003,925-555-0114,North America,Westminster,British Columbia,Canada,South Central Shopping mall,South Central Shopping mall,,22,500,2009-06-17T00:00:00
204,Store,Contoso York Store,On,2004-08-27T00:00:00,,,,848-555-0163,Europe,York,England,United Kingdom,"Spurriergate York, North Yorkshire Citycenter, United Kingdom","Spurriergate York, North Yorkshire Citycenter, United Kingdom",,78,680,2009-06-16T00:00:00
228,Store,Contoso Berlin Store,On,2008-10-09T00:00:00,,10178,10178,730-555-0117,Europe,Berlin,Berlin,Germany,"Downtown Berlin, Germany","Downtown Berlin, Germany",,13,500,2009-06-18T00:00:00
306,Online,Contoso Europe Online Store,On,2004-09-03T00:00:00,,10178,10178,731-555-0117,Europe,Berlin,Berlin,Germany,"Downtown Berlin, Germany","Downtown Berlin, Germany",,7,1000,2009-06-18T00:00:00
291,Store,Contoso Calgary  Store,On,2004-05-27T00:00:00,,,,330-555-0120,North America,Calgary,Alberta,Canada,"209 4 Avenue Se, Calgary, Canada","209 4 Avenue Se, Calgary, Canada",,95,480,2009-06-18T10:00:00
212,Store,Contoso Liverpool Store,On,2004-03-02T00:00:00,,,,313-555-0196,Europe,Liverpool,England,United Kingdom,"Leinster Rd Liverpool, Merseyside Citycenter, UK","Leinster Rd Liverpool, Merseyside Citycenter, UK",,64,680,2009-06-17T00:00:00
298,Store,Contoso Ashgabat  No.2 Store,On,2006-11-06T00:00:00,,789000,789000,926-555-0182,Asia,Ashgabat,Ahal Province,Turkmenistan,"West Street, Turkmenistan","West Street, Turkmenistan",,95,480,2009-06-18T17:00:00
264,Store,Contoso Ashgabat No.1 Store,On,2004-01-18T00:00:00,,744000,744000,521-555-0113,Asia,Ashgabat,Ahal Province,Turkmenistan,"Gorogly Street, Turkmenistan","Gorogly Street, Turkmenistan",,68,480,2009-06-16T00:00:00
262,Store,Contoso Bangkok No.1 Store,On,2008-11-06T00:00:00,,10110,10110,961-555-0122,Asia,Bangkok,Krung Thep,Thailand,"Bangkok,Citycenter, Thailand","Bangkok,Citycenter, Thailand",,62,480,2009-06-17T00:00:00
296,Store,Contoso Bangkok No.2 Store,On,2005-06-01T00:00:00,,15210,15210,1 (11) 500 555-,Asia,Bangkok,Krung Thep,Thailand,"Bangkok Citycenter, Thailand","Bangkok Citycenter, Thailand",,95,480,2009-06-18T15:00:00
307,Online,Contoso Asia Online Store,On,2004-10-11T00:00:00,,10093,10093,55-555-0117,Asia,Beijing,Beijing,China,China Beijing Chaoyang distrct Shanlitun Rd,China Beijing Chaoyang distrct Shanlitun Rd,,8,93800,2009-06-18T00:00:00
310,Reseller,Contoso Asia Reseller,On,2004-07-15T00:00:00,,25536,25536,55-555-0120,Asia,Beijing,Beijing,China,Beijing Shopping Mall,Beijing Shopping Mall,,17,93800,2008-11-05T00:00:00
279,Store,Contoso Beijing Store,On,2008-07-16T00:00:00,,100007,100007,486-555-0150,Asia,Beijing,Beijing,China,China Beijing Chaoyang distrct Shanlitun Rd,China Beijing Chaoyang distrct Shanlitun Rd,,86,480,2009-06-17T00:00:00
276,Store,Contoso Bishkek Store,On,2006-08-13T00:00:00,,720005,720005,238-555-0197,Asia,Bishkek,Chuy Province,Kyrgyzstan,"Biskek shopping mall, Chuskaya Oblast Kyrgyzstan","Biskek shopping mall, Chuskaya Oblast Kyrgyzstan",,50,480,2009-06-16T00:00:00
275,Store,Contoso Busan Store,On,2006-07-12T00:00:00,,,,465-555-0156,Asia,Busan,Yeongnam,South Korea,"Korea Citycenter Namchendong, Suyeong-Gu, Busan","Korea Citycenter Namchendong, Suyeong-Gu, Busan",,50,480,2009-06-18T00:00:00
252,Store,Contoso Canberra Store,On,2005-11-17T00:00:00,,,,413-555-0124,Asia,Canberra,Molonglo,Australia,"Canberra International shopping mall, Australia","Canberra International shopping mall, Australia",,28,480,2009-06-17T00:00:00
295,Store,Contoso Damascus No.2 Store,On,2004-05-31T00:00:00,,36805,36805,1 (11) 500 555-,Asia,Damascus,Damascus,Syria,"19th Nissan Street, Mezze Damascus, Syria","19th Nissan Street, Mezze Damascus, Syria",,95,480,2009-06-18T14:00:00
261,Store,Contoso Damascus No.1 Store,On,2007-10-05T00:00:00,,35005,35005,582-555-0148,Asia,Damascus,Damascus,Syria,"Nissan Street, Mezze Damascus, Syria","Nissan Street, Mezze Damascus, Syria",,35,480,2009-06-16T00:00:00
280,Store,Contoso Guangzhou Store,On,2009-07-17T00:00:00,,510000,510000,124-555-0114,Asia,Guangzhou,GuangDong,China,"China Guangzhou, Guangdong Tianhe Distrct","China Guangzhou, Guangdong Tianhe Distrct",,131,480,2009-06-18T00:00:00
293,Store,Contoso Hong Kong No.2 Store,On,2007-03-29T00:00:00,,,,740-555-0182,Asia,Hong Kong,Hong Kong,China,"Hong Kong, Kowloon Shopping mall","Hong Kong, Kowloon Shopping mall",,95,480,2009-06-18T12:00:00
259,Store,Contoso Hong Kong No.1 Store,On,2004-08-03T00:00:00,,,,500-555-0172,Asia,Hong Kong,Hong Kong,China,"Hong Kong,  New Town Plaza‎","Hong Kong,  New Town Plaza‎",,35,480,2009-06-16T00:00:00
265,Store,Contoso Islamabad No.1 Store,On,2004-02-09T00:00:00,,10086,10086,306-555-0186,Asia,Islamabad,Islamabad Capital Territory,Pakistan," Islamabad Capital Territory, Pakistan"," Islamabad Capital Territory, Pakistan",,71,480,2009-06-17T00:00:00
299,Store,Contoso Islamabad  No.2 Store,On,2007-12-07T00:00:00,,15890,15890,1 (11) 500 555-,Asia,Islamabad,Islamabad Capital Territory,Pakistan,"Citycenter, Islamabad Capital Territory, Pakistan","Citycenter, Islamabad Capital Territory, Pakistan",,95,480,2009-06-18T18:00:00
257,Store,Contoso Kolkata Store,On,2005-06-11T00:00:00,,700017,700017,491-555-0183,Asia,Kolkata,West Bengal,India,"Citycenter, Kolkata, West Bengal, India‎","Citycenter, Kolkata, West Bengal, India‎",,35,480,2009-06-17T00:00:00
273,Store,Contoso Kyoto Store,On,2009-09-02T00:00:00,,,,473-555-0117,Asia,Kyoto,Kansai,Japan,Kyoto centre district,Kyoto centre district,,50,480,2009-06-16T00:00:00
256,Store,Contoso Mumbai Store,On,2004-07-30T00:00:00,,201901,201901,425-555-0117,Asia,Mumbai,Maharashtra,India,"Mumbai Citycenter, Maharashtra, India","Mumbai Citycenter, Maharashtra, India",,35,480,2009-06-16T00:00:00
271,Store,Contoso Nagoya Store,On,2008-08-18T00:00:00,,40175,40175,719-555-0181,Asia,Nagoya,Chubu,Japan,"North district  Nagoya,Japan","North district  Nagoya,Japan",,50,480,2009-06-16T00:00:00
255,Store,Contoso New Delhi Store,On,2004-04-29T00:00:00,,110005,110005,153-555-0166,Asia,New Delhi,National Capital Territory of Delhi,India,"Khan Market, New Delhi,  India","Khan Market, New Delhi,  India",,29,480,2009-06-17T00:00:00
270,Store,Contoso Osaka No.1 Store,On,2005-06-17T00:00:00,,39894,39894,295-555-0161,Asia,Osaka,Kansai,Japan,"Downtown,Osaka, Japan","Downtown,Osaka, Japan",,80,480,2009-06-18T00:00:00
301,Store,Contoso Osaka No.2 Store,On,2007-03-19T00:00:00,,89094,89094,380-558-0193,Asia,Osaka,Kansai,Japan,"Citycenter, BigOne Rd-KuOsakaOsaka, Japan","Citycenter, BigOne Rd-KuOsakaOsaka, Japan",,95,480,2009-06-18T20:00:00
272,Store,Contoso Sapporo Store,On,2007-08-20T00:00:00,,39864,39864,125-555-0196,Asia,Sapporo,Hokkaido,Japan,sapporo Hokkaido northwest district,sapporo Hokkaido northwest district,,50,480,2009-06-17T00:00:00
274,Store,Contoso Seoul Store,On,2008-10-13T00:00:00,,57,57,370-555-0163,Asia,Seoul,Seoul-jikhalsi,South Korea,Seoul west district,Seoul west district,,50,480,2009-06-17T00:00:00
277,Store,Contoso Shanghai No.1 Store,On,2004-02-14T00:00:00,,201800,201800,708-555-0141,Asia,Shanghai,Shanghai,China,"China Shanghai, Jiading Distrct Yongguang Rd","China Shanghai, Jiading Distrct Yongguang Rd",,95,480,2009-06-18T00:00:00
281,Store,Contoso Shanghai No.2 Store,On,2004-03-02T00:00:00,,201800,201800,716-555-0127,Asia,Shanghai,Shanghai,China,"China Shanghai, Jiading Distrct Yongguang Rd","China Shanghai, Jiading Distrct Yongguang Rd",,95,480,2009-06-18T00:00:00
251,Store,Contoso Singapore Store,On,2004-04-22T00:00:00,,302699,302699,842-555-0158,Asia,Singapore,Singapore,Singapore,"Havelock Road Shopping mall, Singapore","Havelock Road Shopping mall, Singapore",,27,480,2009-06-16T00:00:00
302,Store,Contoso Taipei  Store,On,2004-07-19T00:00:00,,109807,109807,830-555-0128,Asia,Taipei,Taiwan,Taiwan,"Leidui Shopping mall, Taipei, Taiwan","Leidui Shopping mall, Taipei, Taiwan",,95,480,2009-06-18T21:00:00
260,Store,Contoso Tehran No.1 Store,On,2004-09-04T00:00:00,,1698530,1698530,325-555-0137,Asia,Tehran,Tehran,Iran,"Citycenter, Tehran, Tehran, Iran","Citycenter, Tehran, Tehran, Iran",,35,480,2009-06-17T00:00:00
294,Store,Contoso Tehran No.2 Store,On,2004-04-30T00:00:00,,1698556,1698565,775-555-0164,Asia,Tehran,Tehran,Iran,"Seyfiyeh Davoodiyeh,second street, Tehran, Tehran, Iran","Seyfiyeh Davoodiyeh,second street, Tehran, Tehran, Iran",,95,480,2009-06-18T13:00:00
292,Store,Contoso Thimphu No.2 Store,On,2006-02-28T00:00:00,,,,185-555-0169,Asia,Thimphu,Thimphu District,Bhutan,"Clock Tower Shooping mall, Thimphu, Bhutan","Clock Tower Shooping mall, Thimphu, Bhutan",,95,480,2009-06-18T11:00:00
258,Store,Contoso Thimphu No.1 Store,On,2009-07-02T00:00:00,,,,295-555-0161,Asia,Thimphu,Thimphu District,Bhutan,"Citycenter, Thimphu, Bhutan","Citycenter, Thimphu, Bhutan",,35,480,2009-06-18T00:00:00
267,Store,Contoso Tokyo No.1 Store,On,2004-04-02T00:00:00,,,,539-555-0149,Asia,Tokyo,Kanto,Japan,"Shinjuku, Tokyo Citycenter","Shinjuku, Tokyo Citycenter",,68,480,2009-06-17T00:00:00
268,Store,Contoso Tokyo No.2 Store,On,2006-04-19T00:00:00,,,,228-555-0159,Asia,Tokyo,Kanto,Japan,"Citycenter, Shinjuku-kuTokyo, Japan‎","Citycenter, Shinjuku-kuTokyo, Japan‎",,68,480,2009-06-18T00:00:00
278,Store,Contoso Urumqi Store,On,2005-07-15T00:00:00,,830000,830000,970-555-0138,Asia,Urumqi,Xinjiang,China,"Ulaanbaatar, Ulaanbaatar Mongolia","Ulaanbaatar, Ulaanbaatar Mongolia",,50,480,2009-06-16T00:00:00
254,Store,Contoso Yerevan Store,On,2004-03-28T00:00:00,,10,10,919-555-0140,Asia,Yerevan,Armenia,Armenia,"Amiryan Street Yerevan,  Armenia","Amiryan Street Yerevan,  Armenia",,15,480,2009-06-16T00:00:00
269,Store,Contoso Yokohama Store,On,2004-05-15T00:00:00,,,,151-555-0113,Asia,Yokohama,Kanto,Japan,"Citycenter, Kanagawa Prefecture Japan","Citycenter, Kanagawa Prefecture Japan",,77,480,2009-06-17T00:00:00
240,Store,Contoso Amsterdam Store,On,2004-03-29T00:00:00,,,,230-555-0144,Europe,Amsterdam,Noord-Holland,the Netherlands,"Citycenter Shopping mall, Amsterdam (Noord-Holland), Netherlands","Citycenter Shopping mall, Amsterdam (Noord-Holland), Netherlands",,26,680,2009-06-17T00:00:00
250,Store,Contoso Athens Store,On,2004-04-17T00:00:00,,10559,10559,237-555-0128,Europe,Athens,Central Greece and Evvoia,Greece,,,,15,680,2009-06-17T00:00:00
209,Store,Contoso Baildon Store,On,2004-09-22T00:00:00,,,,138-555-0118,Europe,Baildon,England,United Kingdom,"West Ln, Baildon, Shipley Citycenter, United","West Ln, Baildon, Shipley Citycenter, United",,32,680,2009-06-16T00:00:00
236,Store,Contoso Baumholder Store,On,2004-06-25T00:00:00,,55774,55774,733-555-0128,Europe,Baumholder,Rhineland-Palatinate,Germany,"Shopping Mall Baumholder, Germany","Shopping Mall Baumholder, Germany",,28,500,2009-06-16T00:00:00
246,Store,Contoso Berne Store,On,2004-04-20T00:00:00,,,,590-555-0152,Europe,Berne,Bern,Switzerland,,,,53,680,2009-06-16T00:00:00
245,Store,Contoso Bucharest Store,On,2004-05-19T00:00:00,,30583,30583,163-555-0147,Europe,Bucharest,Bucuresti,Romania,"Nan Street Bucharest, Romania","Nan Street Bucharest, Romania",,25,680,2009-06-17T00:00:00
205,Store,Contoso Carlisle Store,On,2004-05-18T00:00:00,,,,165-555-0113,Europe,Carlisle,England,United Kingdom,"Citycenter  Botchergate Carlisle, UK","Citycenter  Botchergate Carlisle, UK",,23,680,2009-06-17T00:00:00
210,Store,Contoso Cheshire Store,On,2004-04-23T00:00:00,,,,663-555-0172,Europe,Cheshire,England,United Kingdom,"Market St  Marple, Stockport, Cheshire Citycenter, United Kingdom","Market St  Marple, Stockport, Cheshire Citycenter, United Kingdom",,,680,2009-06-17T00:00:00
241,Store,Contoso Copenhagen Store,On,2004-04-30T00:00:00,,,,123-555-0167,Europe,Copenhagen,Staden Kobenhavn,Denmark,"Ny Carlsbergvej 14 St, Denmark","Ny Carlsbergvej 14 St, Denmark",,25,680,2009-06-16T00:00:00
249,Store,Contoso Dublin Store,On,2006-02-20T00:00:00,,,,720-555-0158,Europe,Dublin,Leinster,Ireland,"Pconnell Street Upper Dublin, DUBLIN 1, Ireland","Pconnell Street Upper Dublin, DUBLIN 1, Ireland",,55,680,2009-06-16T00:00:00
234,Store,Contoso Dusseldorf Store,On,2007-09-12T00:00:00,,40229,40229,283-555-0185,Europe,Dusseldorf,North Rhine-Westphalia,Germany,"Citycenter, Düsseldorf, Germany","Citycenter, Düsseldorf, Germany",,24,500,2009-06-16T00:00:00
202,Store,Contoso Edinburgh Store,On,2004-08-02T00:00:00,,,,296-555-0121,Europe,Edinburgh,Scotland,United Kingdom,"Princes St Edinburgh, Midlothian Shopping mall, United Kingdom","Princes St Edinburgh, Midlothian Shopping mall, United Kingdom",,25,700,2009-06-17T00:00:00
224,Store,Contoso Firenze Store,On,2004-12-07T00:00:00,,50122,50122,110-555-0112,Europe,Firenze,Province of Florence,Italy,,,,45,500,2009-06-16T00:00:00
237,Store,Contoso Giebelstadt Store,On,2004-12-26T00:00:00,,97232,97232,264-555-0150,Europe,Giebelstadt,Bavaria,Germany,"Citycenter, Giebelstadt, Germany","Citycenter, Giebelstadt, Germany",,15,500,2009-06-17T00:00:00
203,Store,Contoso Glasgow Store,On,2007-08-16T00:00:00,,,,289-555-0196,Europe,Glasgow,Scotland,United Kingdom,"Renfrew St Glasgow, Lanarkshire, Citycenter, United Kingdom","Renfrew St Glasgow, Lanarkshire, Citycenter, United Kingdom",,26,680,2009-06-18T00:00:00
231,Store,Contoso Hofheim Store,On,2004-06-17T00:00:00,,65719,65719,405-555-0171,Europe,Hofheim am Taunus,Hesse,Germany,"Citycenter Hofheim am Taunus, Germany","Citycenter Hofheim am Taunus, Germany",,25,500,2009-06-16T00:00:00
213,Store,Contoso Knotty Ash Store,On,2004-03-26T00:00:00,,,,785-555-0132,Europe,Knotty Ash,England,United Kingdom,"East Prescot Road Knotty Ash, Citycenter, United Kingdom","East Prescot Road Knotty Ash, Citycenter, United Kingdom",,24,680,2009-06-18T00:00:00
232,Store,Contoso koln No.1 Store,On,2004-07-29T00:00:00,,50823,50823,583-555-0182,Europe,Koln,North Rhine-Westphalia,Germany,"Citycenter Koln, Germany","Citycenter Koln, Germany",,35,500,2009-06-17T00:00:00
230,Store,Contoso koln No.2 Store,On,2004-05-15T00:00:00,,50672,50672,916-555-0165,Europe,Koln,North Rhine-Westphalia,Germany,"Downtown, Koln, Germany","Downtown, Koln, Germany",,25,500,2009-06-17T00:00:00
207,Store,Contoso Lancashire Store,On,2004-07-20T00:00:00,,,,393-555-0186,Europe,Lancashire,England,United Kingdom,"Rochdale Rd Todmorden, Lancashire Shopping mall, United Kingdom","Rochdale Rd Todmorden, Lancashire Shopping mall, United Kingdom",,36,680,2009-06-17T00:00:00
233,Store,Contoso Landstuhl Store,On,2004-08-20T00:00:00,,66917,66917,447-555-0186,Europe,Landstuhl,Rhineland-Palatinate,Germany,"Citycenter Wallhalben, Germany","Citycenter Wallhalben, Germany",,21,500,2009-06-18T00:00:00
303,Store,Contoso Lisbon Store,On,2004-09-20T00:00:00,,189076,189076,290-666-8960,Europe,Lisbon,Lisboa Region,Portugal,"Lisbon Citycenter, Lisboa Region","Lisbon Citycenter, Lisboa Region",,95,480,2009-06-18T22:00:00
244,Store,Contoso Ljubljana Store,On,2004-07-02T00:00:00,,1000,1000,129-555-0199,Europe,Ljubljana,Ljubljana,Slovenia,"Citycenter Ljubljana, Slovenia","Citycenter Ljubljana, Slovenia",,36,680,2009-06-16T00:00:00
217,Store,Contoso Lyon Store,On,2004-08-30T00:00:00,,69002,69002,207-555-0192,Europe,Lyon,Rhone-Alpes,France,"Citycenter Lyon, France","Citycenter Lyon, France",,15,680,2009-06-17T00:00:00
243,Store,Contoso Madrid Store,On,2004-03-01T00:00:00,,28049,28049,166-555-0156,Europe,Madrid,Madrid,Spain,"Alcobendas Shopping mall MADRID, Spain","Alcobendas Shopping mall MADRID, Spain",,35,680,2009-06-18T00:00:00
206,Store,Contoso Manchester Store,On,2004-06-19T00:00:00,,,,869-555-0125,Europe,Manchester,England,United Kingdom," Windsor Ave Failsworth, Manchester Citycenter, United Kingdom"," Windsor Ave Failsworth, Manchester Citycenter, United Kingdom",,11,680,2009-06-16T00:00:00
216,Store,Contoso Marseille Store,On,2008-04-29T00:00:00,,13006,13006,142-555-0139,Europe,Marseille,Provence-Alpes-Cote d'Azur,France,"Citycenter Marseille, France","Citycenter Marseille, France",,13,680,2009-06-16T00:00:00
226,Store,Contoso Milan Store,On,2004-04-09T00:00:00,,20149,20149,202-555-0187,Europe,Milan,Lombardia,Italy,,,,23,500,2009-06-16T00:00:00
263,Store,Contoso Moscow  No.1 Store,On,2004-06-07T00:00:00,,107031,107031,254-555-0114,Europe,Moscow,Moskovskaya oblast,Russia,"Citycenter, Russia","Citycenter, Russia",,65,480,2009-06-18T00:00:00
297,Store,Contoso Moscow  No.2 Store,On,2004-07-02T00:00:00,,107561,107561,615-555-0153,Europe,Moscow,Moskovskaya oblast,Russia,"Russia, 107561 District shopping mall","Russia, 107561 District shopping mall",,95,480,2009-06-18T16:00:00
239,Store,Contoso Munich Store,On,2006-02-28T00:00:00,,80331,80331,497-555-0181,Europe,Munich,Bavaria,Germany,"Citycenter München, Germany","Citycenter München, Germany",,18,500,2009-06-16T00:00:00
220,Store,Contoso Nantes Store,On,2004-08-03T00:00:00,,44000,44000,991-555-0184,Europe,Nantes,Pays de la Loire,France,"Citycenter Nantes, France","Citycenter Nantes, France",,11,680,2009-06-17T00:00:00
219,Store,Contoso Nice Store,On,2004-02-02T00:00:00,,51000,51000,315-555-0144,Europe,Nice,Alpes-Maritimes,France,"Citycenter Reims, France","Citycenter Reims, France",,32,680,2009-06-16T00:00:00
305,Store,Contoso Nizhny Novgorod Store,On,2004-03-15T00:00:00,,147820,147820,511-555-0119,Europe,Nizhny Novgorod,Nizhny Novgorod Oblast,Russia,"Nizhny Novgorod  Downtown, Shopping mall","Nizhny Novgorod  Downtown, Shopping mall",,95,480,2009-06-20T00:00:00
238,Store,Contoso obamberg Store,On,2004-05-27T00:00:00,,96049,96049,520-555-0177,Europe,Bamberg,Bavaria,Germany,"Citycenter Bamberg, Germany","Citycenter Bamberg, Germany",,29,500,2009-06-18T00:00:00
235,Store,Contoso Ramstein Store,On,2004-08-13T00:00:00,,66877,66877,555-555-0113,Europe,Ramstein,Rhineland-Palatinate,Germany,"Citycenter Shopping mall Ramstein-Miesenbach, Germany","Citycenter Shopping mall Ramstein-Miesenbach, Germany",,15,500,2009-06-17T00:00:00
222,Store,Contoso Roma Store,On,2007-10-05T00:00:00,,192,192,927-555-0150,Europe,Roma,Roma,Italy,,,,43,490,2009-06-17T00:00:00
304,Store,Contoso Saint Petersburg Store,On,2004-06-07T00:00:00,,2014522,2014522,510-555-0118,Europe,Saint Petersburg,Northwestern,Russia,"Saint Petersburg  Citycenter, Shopping mall","Saint Petersburg  Citycenter, Shopping mall",,95,480,2009-06-19T00:00:00
242,Store,Contoso Stockholm Store,On,2004-05-31T00:00:00,,11145,11145,208-555-0114,Europe,Stockholm,Stockholms,Sweden,"Birger Jarlsg Shopping mall, Sweden","Birger Jarlsg Shopping mall, Sweden",,33,680,2009-06-17T00:00:00
211,Store,Contoso Stockport Store,On,2004-11-24T00:00:00,,,,224-555-0187,Europe,Stockport,England,United Kingdom,"Buxton Rd High Lane, Stockport Citycenter, United Kingdom","Buxton Rd High Lane, Stockport Citycenter, United Kingdom",,34,680,2009-06-16T00:00:00
221,Store,Contoso Strasbourg Store,On,2004-09-04T00:00:00,,67000,67000,310-555-0117,Europe,Strasbourg,Bas-Rhin,France,"Downtown Strasbourg, France","Downtown Strasbourg, France",,10,630,2009-06-16T00:00:00
225,Store,Contoso Torino Store,On,2004-03-18T00:00:00,,10141,10141,931-555-0118,Europe,Torino,Province of Turin,Italy,,,,24,500,2009-06-17T00:00:00
218,Store,Contoso Toulouse Store,On,2004-09-11T00:00:00,,31000,31000,575-555-0126,Europe,Toulouse,Midi-Pyrenees,France,"Citycenter  toulouse, France","Citycenter  toulouse, France",,23,680,2009-06-18T00:00:00
248,Store,Contoso Valletta Store,On,2004-02-19T00:00:00,,,,265-555-0195,Europe,Valletta,Valletta,Malta,"Citycenter, Fgura, Malta","Citycenter, Fgura, Malta",,42,680,2009-06-18T00:00:00
223,Store,Contoso Venezia Store,On,2009-07-06T00:00:00,,30124,30124,330-555-2568,Europe,Venezia,Venice,Italy,,,,11,500,2009-06-18T00:00:00
247,Store,Contoso Warsaw Store,On,2004-09-04T00:00:00,,,,680-555-0118,Europe,Warsaw,Warszawa,Poland,"Citycenter Warszawa, Poland","Citycenter Warszawa, Poland",,15,680,2009-06-17T00:00:00
208,Store,Contoso West Yorkshire Store,On,2004-03-21T00:00:00,,,,318-555-0137,Europe,West Yorkshire,England,United Kingdom,"22 Market Sq Shipley, West Yorkshire, BD18 3QJ, United Kingdom","22 Market Sq Shipley, West Yorkshire, BD18 3QJ, United Kingdom",,90,680,2009-06-18T00:00:00
287,Store,Contoso Montreal No.1 Store,On,2004-09-12T00:00:00,,,,517-555-0117,North America,Montreal,Quebec,Canada,"Boulevard Decarie, Montreal Rd, Canada","Boulevard Decarie, Montreal Rd, Canada",,95,480,2009-06-18T06:00:00
288,Store,Contoso Montreal No.2 Store,On,2003-02-13T00:00:00,,,,922-555-0165,North America,Montreal,Quebec,Canada,"De avenue du parc Shopping mall, Montréal, Canada","De avenue du parc Shopping mall, Montréal, Canada",,95,480,2009-06-18T07:00:00
282,Store,Contoso Ottawa No.1 Store,On,2004-04-09T00:00:00,,,,210-555-0193,North America,Ottawa,Ontario,Canada,"Elgin Street, Ottawa,  Canada","Elgin Street, Ottawa,  Canada",,95,480,2009-06-18T01:00:00
283,Store,Contoso Ottawa No.2 Store,On,2004-05-15T00:00:00,,,,210-555-0193,North America,Ottawa,Ontario,Canada,"Carling Avenue, Ottawa, Canada","Carling Avenue, Ottawa, Canada",,95,480,2009-06-18T02:00:00
284,Store,Contoso Toronto No.1 Store,On,2004-06-17T00:00:00,,,,210-555-0193,North America,Toronto,Ontario,Canada,"George St, Toronto, Canada","George St, Toronto, Canada",,95,480,2009-06-18T03:00:00
285,Store,Contoso Toronto No.2 Store,On,2003-07-29T00:00:00,,,,257-555-0154,North America,Toronto,Ontario,Canada,"Chestnut Street, Toronto, Canada","Chestnut Street, Toronto, Canada",,95,480,2009-06-18T04:00:00
286,Store,Contoso Toronto No.3 Store,On,2004-08-20T00:00:00,,,,883-555-0116,North America,Toronto,Ontario,Canada," Dundas Street East, Toronto, Canada"," Dundas Street East, Toronto, Canada",,95,480,2009-06-18T05:00:00